Datetime,Water Level (m)
2026-02-20 12:00:00,-0.038656216
2026-02-20 13:00:00,0.052022483
2026-02-20 14:00:00,0.1212701
2026-02-20 15:00:00,0.12897037
2026-02-20 16:00:00,0.10312211
2026-02-20 17:00:00,0.056937147
2026-02-20 18:00:00,-0.014295228
2026-02-20 19:00:00,-0.10653163
2026-02-20 20:00:00,-0.19216004
2026-02-20 21:00:00,-0.2599483
2026-02-20 22:00:00,-0.24255407
2026-02-20 23:00:00,-0.14945833
2026-02-21 00:00:00,-0.04356074
2026-02-21 01:00:00,0.05958646
2026-02-21 02:00:00,0.14915967
2026-02-21 03:00:00,0.17825383
2026-02-21 04:00:00,0.16637616
2026-02-21 05:00:00,0.12762319
2026-02-21 06:00:00,0.061352678
2026-02-21 07:00:00,-0.028447095
2026-02-21 08:00:00,-0.12673615
2026-02-21 09:00:00,-0.20993395
2026-02-21 10:00:00,-0.25162262
2026-02-21 11:00:00,-0.19060329
2026-02-21 12:00:00,-0.08464399
2026-02-21 13:00:00,0.008163298
2026-02-21 14:00:00,0.10664147
2026-02-21 15:00:00,0.16559541
2026-02-21 16:00:00,0.17003387
2026-02-21 17:00:00,0.14543143
2026-02-21 18:00:00,0.09442948
2026-02-21 19:00:00,0.015073576
2026-02-21 20:00:00,-0.07985715
2026-02-21 21:00:00,-0.16680424
2026-02-21 22:00:00,-0.20945016
2026-02-21 23:00:00,-0.15451054
2026-02-22 00:00:00,-0.05821783
2026-02-22 01:00:00,0.030031944
2026-02-22 02:00:00,0.119360834
2026-02-22 03:00:00,0.1705761
2026-02-22 04:00:00,0.17057623
2026-02-22 05:00:00,0.14467742
2026-02-22 06:00:00,0.093271405
2026-02-22 07:00:00,0.014243984
2026-02-22 08:00:00,-0.08154804
2026-02-22 09:00:00,-0.17131276
2026-02-22 10:00:00,-0.24500889
2026-02-22 11:00:00,-0.24216762
2026-02-22 12:00:00,-0.1572483
2026-02-22 13:00:00,-0.06084025
2026-02-22 14:00:00,0.034326185
2026-02-22 15:00:00,0.12520756
2026-02-22 16:00:00,0.16774546
2026-02-22 17:00:00,0.16243723
2026-02-22 18:00:00,0.13107298
2026-02-22 19:00:00,0.07387513
2026-02-22 20:00:00,-0.008596971
2026-02-22 21:00:00,-0.10156859
2026-02-22 22:00:00,-0.17697766
2026-02-22 23:00:00,-0.18315905
2026-02-23 00:00:00,-0.12121711
2026-02-23 01:00:00,-0.03979574
2026-02-23 02:00:00,0.03615125
2026-02-23 03:00:00,0.10850574
2026-02-23 04:00:00,0.13149583
2026-02-23 05:00:00,0.119284675
2026-02-23 06:00:00,0.08231011
2026-02-23 07:00:00,0.023206277
2026-02-23 08:00:00,-0.061385468
2026-02-23 09:00:00,-0.15092868
2026-02-23 10:00:00,-0.23085888
2026-02-23 11:00:00,-0.28238505
2026-02-23 12:00:00,-0.2464314
2026-02-23 13:00:00,-0.16031209
2026-02-23 14:00:00,-0.07775985
2026-02-23 15:00:00,0.018028881
2026-02-23 16:00:00,0.10144692
2026-02-23 17:00:00,0.13648579
2026-02-23 18:00:00,0.12761737
2026-02-23 19:00:00,0.0930786
2026-02-23 20:00:00,0.034100544
2026-02-23 21:00:00,-0.048002437
2026-02-23 22:00:00,-0.13441235
2026-02-23 23:00:00,-0.19513391
2026-02-24 00:00:00,-0.1844318
2026-02-24 01:00:00,-0.13257062
2026-02-24 02:00:00,-0.07300137
2026-02-24 03:00:00,-0.017704325
2026-02-24 04:00:00,0.032004803
2026-02-24 05:00:00,0.034218524
2026-02-24 06:00:00,0.017906241
2026-02-24 07:00:00,-0.021511253
2026-02-24 08:00:00,-0.08055866
2026-02-24 09:00:00,-0.15837416
2026-02-24 10:00:00,-0.23453204
2026-02-24 11:00:00,-0.3035192
2026-02-24 12:00:00,-0.32108763
2026-02-24 13:00:00,-0.27273485
2026-02-24 14:00:00,-0.19587515
2026-02-24 15:00:00,-0.11657608
2026-02-24 16:00:00,-0.01925239
2026-02-24 17:00:00,0.060278967
2026-02-24 18:00:00,0.099758685
2026-02-24 19:00:00,0.10127676
2026-02-24 20:00:00,0.07841089
2026-02-24 21:00:00,0.028341843
2026-02-24 22:00:00,-0.04683566
2026-02-24 23:00:00,-0.12620103
2026-02-25 00:00:00,-0.18315698
2026-02-25 01:00:00,-0.18730673
2026-02-25 02:00:00,-0.15989041
2026-02-25 03:00:00,-0.12498965
2026-02-25 04:00:00,-0.09172014
2026-02-25 05:00:00,-0.060194932
2026-02-25 06:00:00,-0.060746096
2026-02-25 07:00:00,-0.07461027
2026-02-25 08:00:00,-0.10787751
2026-02-25 09:00:00,-0.15867184
2026-02-25 10:00:00,-0.22035818
2026-02-25 11:00:00,-0.28632423
2026-02-25 12:00:00,-0.343629
2026-02-25 13:00:00,-0.34954453
2026-02-25 14:00:00,-0.31157753
2026-02-25 15:00:00,-0.25433776
2026-02-25 16:00:00,-0.18510127
2026-02-25 17:00:00,-0.094318
2026-02-25 18:00:00,-0.005370808
2026-02-25 19:00:00,0.049654223
2026-02-25 20:00:00,0.06563442
2026-02-25 21:00:00,0.04924863
2026-02-25 22:00:00,0.00944382
2026-02-25 23:00:00,-0.0550119
2026-02-26 00:00:00,-0.13031
2026-02-26 01:00:00,-0.19699836
2026-02-26 02:00:00,-0.23628022
2026-02-26 03:00:00,-0.23793082
2026-02-26 04:00:00,-0.22559969
2026-02-26 05:00:00,-0.20843464
2026-02-26 06:00:00,-0.1902513
2026-02-26 07:00:00,-0.17163633
2026-02-26 08:00:00,-0.16869566
2026-02-26 09:00:00,-0.17928034
2026-02-26 10:00:00,-0.20669152
2026-02-26 11:00:00,-0.2489094
2026-02-26 12:00:00,-0.30393034
